{
    "strategy": "SMA_crossover",
    "parameters": {
        "fast": 5,
        "slow": 14
    },
    "ticker": "AAPL",
    "best_return": 1.5188170498224647,
    "sharpe": -24.914407260666422,
    "max_drawdown": 1356.4420233154297,
    "score": -0.17710155657678278
}