{
    "strategy": "EMA",
    "parameters": {
        "fast": 1,
        "slow": 5
    },
    "ticker": "AAPL",
    "best_return": -99.99477731391787,
    "sharpe": -0.12364180524831189,
    "max_drawdown": -0.9999797042592037,
    "score": -0.3624903830888075
}